"ID","Description","GeneRatio","BgRatio","pvalue","p.adjust","qvalue","Count","geneID"
"GO:0022613","ribonucleoprotein complex biogenesis","220/3634","499/18888",7.29157647118986e-38,4.55650613684655e-34,3.66190645726809e-34,220,"DHX9/RRS1/HSP90AA1/SRSF1/MYBBP1A/UTP4/DCAF13/RRP1B/EBNA1BP2/NIFK/NOP58/NOLC1/DDX21/RPF2/DKC1/NOP2/EIF3J/WDR46/LYAR/WDR77/BOP1/SRSF6/AATF/UTP14A/HTATSF1/RPS14/NOP14/UTP25/PAK1IP1/NOP56/SDAD1/RRP12/NCBP1/RIOX2/GTF3A/RRP36/NOL6/UTP20/GRWD1/RPS3A/URB2/RRP1/NOP16/LSG1/WDR43/DHX37/LTV1/TSR1/NAT10/PRPF19/DDX18/RPS15A/TXNL4A/PES1/NOL8/EIF3L/MRTO4/GTPBP4/SURF6/RPL10A/CUL4A/DDX31/RPLP0/DNTTIP2/IMP3/GAR1/DDX42/PRMT5/DDX1/NOL10/BMS1/RPS4X/GNL2/PNO1/EIF2D/RPL5/BYSL/USP36/NOL9/SRSF9/NOL7/RPSA/EIF5B/RPS8/SETX/RSL1D1/RPS16/U2AF2/RPS27L/UTP15/RPL13A/PPAN/EIF5/GNL3L/RRP15/RPS7/SF1/NUDT16/GLUL/RRP9/EIF3B/CELF2/GEMIN8/PTBP2/NIP7/RPS12/CD2BP2/RPL7A/IMP4/FASTKD2/FTSJ3/RBM5/LUC7L3/SRSF5/NOL11/RPL10/PWP1/EIF6/RPS19/ZNHIT6/DDX28/PUF60/RPS11/SNRPD3/RPP40/HEATR3/EIF3C/SF3A1/RUVBL1/MRPL20/RPS6/DHX29/NOP53/RPS21/MPHOSPH10/EIF3M/RPS5/NOA1/DICER1/PA2G4/EIF3E/EIF3A/ABCE1/STRAP/NOC2L/PDCD11/SNRPD1/DDX23/TAF9/CELF3/NOP10/SF3B4/NUP88/SF3B2/RPS9/SRPK1/DROSHA/FCF1/RPS17/C1QBP/DDX54/DDX27/USP16/RPS28/DDX3X/EIF4A3/RPP30/RPS25/HEATR1/GEMIN5/NUDT21/RPL26/PIH1D2/AGO3/RRN3/RPS23/RIOK3/RRP7A/MAK16/ZCCHC4/SNRPF/METTL15/NOP9/ZNF622/FBLL1/DDX56/DDX49/MRM2/WDR3/DDX46/WDR12/NVL/METTL16/PRMT7/REXO4/DENR/SNRPB2/SHQ1/LSM2/GTF2H5/SF3A3/RAN/C1orf131/PIH1D1/EXOSC4/NGRN/EXOSC3/RPS13/ESF1/UTP3/AGO4/EIF3F/POP5/RPL27/EIF2S3/MCTS1/RPL35A/NPM1/RIOK1/DDX17"
"GO:0042254","ribosome biogenesis","161/3634","319/18888",1.35326304501927e-36,4.22827038416271e-33,3.39811473041418e-33,161,"RRS1/MYBBP1A/UTP4/DCAF13/RRP1B/EBNA1BP2/NIFK/NOP58/NOLC1/DDX21/RPF2/DKC1/NOP2/WDR46/LYAR/BOP1/AATF/UTP14A/RPS14/NOP14/UTP25/PAK1IP1/NOP56/SDAD1/RRP12/RIOX2/GTF3A/RRP36/NOL6/UTP20/GRWD1/RPS3A/URB2/RRP1/NOP16/LSG1/WDR43/DHX37/LTV1/TSR1/NAT10/DDX18/RPS15A/PES1/NOL8/MRTO4/GTPBP4/SURF6/RPL10A/CUL4A/DDX31/RPLP0/DNTTIP2/IMP3/GAR1/NOL10/BMS1/RPS4X/GNL2/PNO1/RPL5/BYSL/USP36/NOL9/NOL7/RPSA/EIF5B/RPS8/RSL1D1/RPS16/RPS27L/UTP15/PPAN/EIF5/GNL3L/RRP15/RPS7/NUDT16/GLUL/RRP9/NIP7/RPS12/RPL7A/IMP4/FASTKD2/FTSJ3/NOL11/RPL10/PWP1/EIF6/RPS19/ZNHIT6/DDX28/RPS11/RPP40/HEATR3/MRPL20/RPS6/DHX29/NOP53/RPS21/MPHOSPH10/RPS5/NOA1/PA2G4/ABCE1/NOC2L/PDCD11/NOP10/NUP88/RPS9/DROSHA/FCF1/RPS17/C1QBP/DDX54/DDX27/USP16/RPS28/DDX3X/EIF4A3/RPP30/RPS25/HEATR1/RPL26/PIH1D2/RRN3/RPS23/RIOK3/RRP7A/MAK16/ZCCHC4/METTL15/NOP9/ZNF622/FBLL1/DDX56/DDX49/MRM2/WDR3/WDR12/NVL/METTL16/REXO4/SHQ1/GTF2H5/RAN/C1orf131/PIH1D1/EXOSC4/NGRN/EXOSC3/RPS13/ESF1/UTP3/POP5/RPL27/RPL35A/NPM1/RIOK1/DDX17"
"GO:0002181","cytoplasmic translation","93/3634","160/18888",1.1326879198499e-27,2.35938893704734e-24,1.89615932126451e-24,93,"DHX9/RPS26/EIF4G1/EIF3J/ZC3H15/IGF2BP1/RPS14/NCBP1/RPS3A/ETF1/PKM/RPS10/RPL18/RPL15/RPS15A/RPS3/EIF3L/RPL10A/RPLP0/RPL3/HNRNPU/RPS4X/EIF4A1/EIF2D/RPL5/SYNCRIP/RPL13/EIF4A2/RPSA/RPS8/RPS16/SLBP/RPL9/RPL13A/EIF5/RPS7/EIF3B/HNRNPD/RPS12/RPL7A/RPLP1/RPS2/RPS18/RPL10/RACK1/RBM4/DRG1/RPS19/RPS11/RPL32/EIF3C/RPL37A/RPS6/DHX29/RPS21/EIF3M/RPS5/RPL18A/NCBP2/EIF3E/EIF3A/RPL22L1/RPS27A/EIF2B1/RWDD1/RPS9/RPS20/RPL8/FAU/RPL17/RPS17/RPS28/UNK/RPS25/RPL26/RPL39/RPS23/RPL24/RPLP2/RPS29/RPL12/RPL34/RPL21/DENR/RPL29/RPL36/RPL31/RPS13/EIF3F/RPL27/EIF2S3/MCTS1/RPL35A"
"GO:0016072","rRNA metabolic process","123/3634","266/18888",7.50080542765082e-24,1.17181332793475e-20,9.41745860403213e-21,123,"RRS1/UTP4/DCAF13/RRP1B/EBNA1BP2/NIFK/NOP58/NOLC1/DDX21/RPF2/DKC1/NOP2/WDR46/NCL/LYAR/BOP1/UTP14A/RPS14/NOP14/UTP25/NOP56/POLR1B/GTF3C4/RRP12/POLR1G/GTF3A/RRP36/NOL6/UTP20/RRP1/WDR43/DHX37/TSR1/NAT10/GTF3C6/DDX18/PES1/NOL8/MRTO4/GTPBP4/RPL10A/IMP3/GAR1/NOL10/BMS1/RPL5/BYSL/USP36/NOL9/NOL7/TCOF1/RPS8/RSL1D1/RPS16/UTP15/PPAN/RRP15/RPS7/NUDT16/RRP9/RPL7A/IMP4/FTSJ3/NOL11/PWP1/EIF6/RPS19/ZNHIT6/RPP40/DIS3L/RPS6/NOP53/RPS21/MPHOSPH10/PA2G4/PDCD11/NOP10/XRN1/DROSHA/FCF1/RPS17/DDX54/DDX27/RPS28/POLR1F/PELO/EIF4A3/RPP30/RPS25/HEATR1/RPL26/PIH1D2/RIOK3/RRP7A/GTF3C3/MAK16/ZCCHC4/METTL15/NOP9/FBLL1/DDX56/DDX49/MRM2/WDR3/WDR12/NVL/METTL16/REXO4/SHQ1/POLR2E/GTF2H5/PIH1D1/EXOSC4/EXOSC3/SLFN13/ESF1/UTP3/POP5/RPL27/GTF3C2/RPL35A/RIOK1/DDX17"
"GO:0006364","rRNA processing","108/3634","224/18888",6.84408415497195e-23,8.55373637688394e-20,6.87434221123604e-20,108,"RRS1/UTP4/DCAF13/RRP1B/EBNA1BP2/NIFK/NOP58/NOLC1/DDX21/RPF2/DKC1/NOP2/WDR46/LYAR/BOP1/UTP14A/RPS14/NOP14/UTP25/NOP56/RRP12/RRP36/NOL6/UTP20/RRP1/WDR43/DHX37/TSR1/NAT10/DDX18/PES1/NOL8/MRTO4/GTPBP4/RPL10A/IMP3/GAR1/NOL10/BMS1/RPL5/BYSL/USP36/NOL9/NOL7/RPS8/RSL1D1/RPS16/UTP15/PPAN/RRP15/RPS7/NUDT16/RRP9/RPL7A/IMP4/FTSJ3/NOL11/PWP1/EIF6/RPS19/ZNHIT6/RPP40/RPS6/NOP53/RPS21/MPHOSPH10/PA2G4/PDCD11/NOP10/DROSHA/FCF1/RPS17/DDX54/DDX27/RPS28/EIF4A3/RPP30/RPS25/HEATR1/RPL26/PIH1D2/RIOK3/RRP7A/MAK16/ZCCHC4/METTL15/NOP9/FBLL1/DDX56/DDX49/MRM2/WDR3/WDR12/NVL/METTL16/REXO4/SHQ1/GTF2H5/PIH1D1/EXOSC4/EXOSC3/ESF1/UTP3/POP5/RPL27/RPL35A/RIOK1/DDX17"
"GO:0034470","ncRNA processing","169/3634","433/18888",3.53430906551481e-22,3.68098289173368e-19,2.9582786932581e-19,169,"RRS1/UTP4/DCAF13/RRP1B/EBNA1BP2/NIFK/NOP58/PUS7/NOLC1/DDX21/RPF2/DKC1/NOP2/WDR46/LYAR/TRMT6/BOP1/UTP14A/TDRD7/LCMT2/RPS14/NOP14/UTP25/NOP56/SRRT/RRP12/DDX5/NCBP1/QTRT2/RRP36/NOL6/UTP20/SMAD2/RRP1/ELP4/WDR43/DHX37/TRMT61A/TSR1/INTS6/NAT10/FAM98A/DDX18/PES1/INTS3/NOL8/MRTO4/GTPBP4/RPL10A/WDR4/IMP3/GAR1/DDX1/NOL10/ZMPSTE24/BMS1/NSUN2/METTL1/TARBP1/RPL5/BYSL/USP36/NOL9/NOL7/RPS8/RSL1D1/RPS16/HNRNPA2B1/UTP15/PPAN/SPOUT1/RRP15/RPS7/SSB/NUDT16/RRP9/USB1/HENMT1/TSN/SRSF3/RPL7A/IMP4/TUT4/FTSJ3/NOL11/KARS1/PWP1/EIF6/RPS19/ZNHIT6/RPP40/HSD17B10/RPS6/NOP53/RPS21/MPHOSPH10/ALKBH8/DICER1/PA2G4/NCBP2/TOE1/PDCD11/POP1/TSEN2/DGCR8/NOP10/STAT3/THUMPD3/SEPSECS/DROSHA/TRMT1L/FCF1/RPS17/ELAC2/TRNT1/DDX54/DDX27/RPS28/EIF4A3/URM1/RPP30/RPS25/HEATR1/TRMT10C/RPL26/PIH1D2/AGO3/RIOK3/RRP7A/PUM1/TRMT13/MAK16/DUS3L/ZCCHC4/METTL15/NOP9/ZC3H7B/FBLL1/DDX56/DDX49/MRM2/WDR3/PRORP/PUS1/WDR12/RTRAF/NVL/PNPT1/METTL16/REXO4/SHQ1/GTF2H5/INTS2/PUM2/PIH1D1/RPP25L/EXOSC4/EXOSC3/ESF1/UTP3/ELAC1/AGO4/PTCD1/DUS1L/POP5/RPL27/RPL35A/RIOK1/DDX17"
"GO:0042274","ribosomal small subunit biogenesis","63/3634","103/18888",8.16086967050119e-21,7.28532493870885e-18,5.8549637891671e-18,63,"RRS1/UTP4/DCAF13/NOP58/WDR46/AATF/RPS14/NOP14/UTP25/NOP56/RRP36/NOL6/UTP20/RPS3A/WDR43/DHX37/LTV1/TSR1/NAT10/RPS15A/SURF6/DNTTIP2/IMP3/NOL10/BMS1/RPS4X/PNO1/BYSL/NOL7/RPSA/RPS8/RPS16/RPS27L/UTP15/RPS7/RRP9/RPS12/IMP4/NOL11/RPS19/RPS11/RPP40/RPS6/RPS21/MPHOSPH10/RPS5/RPS9/FCF1/RPS17/RPS28/RPS25/HEATR1/RPS23/RIOK3/RRP7A/NOP9/WDR3/GTF2H5/C1orf131/RPS13/UTP3/NPM1/RIOK1"
"GO:0140014","mitotic nuclear division","113/3634","277/18888",6.76844050890704e-17,5.28699809252001e-14,4.24897758789414e-14,113,"RRS1/UHRF1/NCAPD2/KIF2C/CDK1/KPNB1/BCCIP/NUDC/KIF22/RACGAP1/SPC24/KNTC1/NUSAP1/UBE2C/NUMA1/INSR/RCC1/FGF8/NUF2/KIF23/FLNA/TOM1L1/PRICKLE1/INCENP/TPX2/PRMT5/KLHDC8B/NEK2/KIF18A/HNRNPU/RANBP1/EGF/UBE2S/INO80/PHIP/CEP97/DLGAP5/AURKA/CENPC/MAD2L1/ABRAXAS1/STAG1/PLK1/BUB1/NCAPG/SPHK1/NME6/TTK/UBXN2B/KNSTRN/BAZ1B/EML3/CDC16/ZW10/SMC4/KIFC1/CDKN1B/RAD21/NFIA/CDC25C/PINX1/KIF18B/AKAP8L/AURKB/CHMP4A/CLASP2/CEP192/CHMP3/KIF3B/ANLN/DRG1/PSRC1/KIF14/MKI67/KNL1/KIF11/FBXO5/BUB3/CHMP1B/L3MBTL1/SMC1A/HSPA1B/SKA2/PRC1/KIF20B/CDCA2/USP16/CUL7/CHEK2/DAPK3/CLASP1/ANAPC15/NDC80/CHAMP1/RPL24/TUBG2/FBXO43/NCAPG2/SPAG5/KIF4A/KIF25/BIRC5/NCAPD3/LRP5/CHMP4B/CHMP4C/CDT1/RAN/CDCA8/EDN1/NDE1/MAD2L2/SPC25"
"GO:0000070","mitotic sister chromatid segregation","83/3634","188/18888",4.30323919071102e-15,2.98788241141702e-12,2.40125779869968e-12,83,"RRS1/UHRF1/NCAPD2/KIF2C/CDK1/KPNB1/BCCIP/NUDC/KIF22/RACGAP1/SPC24/KNTC1/NUSAP1/UBE2C/NUMA1/NUF2/KIF23/FLNA/PRICKLE1/INCENP/TPX2/NEK2/KIF18A/HNRNPU/INO80/CEP97/DLGAP5/CENPC/MAD2L1/ABRAXAS1/STAG1/PLK1/BUB1/NCAPG/TTK/KNSTRN/BAZ1B/EML3/CDC16/ZW10/SMC4/KIFC1/RAD21/PINX1/KIF18B/AKAP8L/AURKB/CHMP4A/CLASP2/CEP192/CHMP3/KIF3B/DRG1/PSRC1/KIF14/KNL1/KIF11/FBXO5/BUB3/CHMP1B/SMC1A/HSPA1B/SKA2/PRC1/CHEK2/CLASP1/ANAPC15/NDC80/CHAMP1/TUBG2/NCAPG2/SPAG5/KIF4A/KIF25/BIRC5/NCAPD3/CHMP4B/CHMP4C/CDT1/RAN/CDCA8/MAD2L2/SPC25"
"GO:0030900","forebrain development","143/3634","408/18888",2.35935782274881e-14,1.47436270343573e-11,1.18489433392995e-11,143,"POU3F2/SOX2/CXCR4/ATP2B4/NTRK2/IGF2BP1/ATP1B2/NOTCH1/SRGAP2C/CDK6/SOX3/FEZF2/SLC38A2/ZDHHC16/LMX1A/WNT7B/POU3F3/AKNA/CCDC85C/SEMA6B/ATF5/EOMES/SSTR2/NR2E1/GLI3/KIRREL3/GSC/SIX3/RFX4/FGF8/CDON/FLNA/NDST1/KCNC1/RTN4/DNAJB1/SLIT2/LAMB1/WNT2B/EGFR/ARHGAP35/SOX1/TYRO3/ASPM/DIXDC1/SLC7A11/FEZF1/PLCB1/NRP2/DCLK2/UNCX/ATP1A2/PGAP1/LEF1/ROBO1/FXR1/TBR1/TTC21B/EPHB2/NEUROD1/CHRNB2/GART/NEFL/BAX/DAB2IP/RARB/EMX2/NIN/NR2F2/SUN1/RAX/KIF14/SKI/SEMA5A/GDF7/LPAR1/SUN2/FGF13/ZIC1/LHX5/ERBB4/TMEM108/DMRTA2/PCSK1/ADGRG1/SALL1/ARX/LHX2/BTG2/ATAT1/PLXNA4/DLC1/OTX2/STIL/RELN/EZH2/SLIT1/UBA6/HDAC1/SEMA3A/ID2/ZMIZ1/LHX1/TUBB2A/MFSD2A/TOP2B/BTBD3/KAT2A/FGF10/RTN4R/ID4/BMERB1/NDNF/FUT10/PTPRS/NARS1/CRK/ZSWIM6/PLXNA1/PSEN1/KIF26A/MDGA1/DRD2/RTN4RL1/BBS4/SLC4A10/UQCRQ/RAN/LRP8/GLI2/PCDH9/ANXA3/AKIRIN2/ATIC/TRA2B/NDE1/MDK/ELAVL4/TBX19/FEZ1/VAX2/LARGE1/WNT4"
"GO:0021537","telencephalon development","106/3634","275/18888",5.59140447571856e-14,3.17642605170593e-11,2.55278380417734e-11,106,"POU3F2/CXCR4/ATP2B4/NTRK2/IGF2BP1/ATP1B2/SRGAP2C/CDK6/FEZF2/SLC38A2/ZDHHC16/LMX1A/POU3F3/CCDC85C/SEMA6B/ATF5/EOMES/NR2E1/GLI3/KIRREL3/SIX3/RFX4/FGF8/CDON/FLNA/KCNC1/RTN4/SLIT2/LAMB1/EGFR/ASPM/DIXDC1/SLC7A11/FEZF1/PLCB1/DCLK2/UNCX/ATP1A2/LEF1/ROBO1/FXR1/TBR1/EPHB2/NEUROD1/GART/NEFL/BAX/DAB2IP/RARB/EMX2/NIN/SUN1/KIF14/SKI/LPAR1/SUN2/FGF13/ZIC1/LHX5/ERBB4/TMEM108/DMRTA2/ADGRG1/SALL1/ARX/LHX2/BTG2/ATAT1/PLXNA4/RELN/EZH2/UBA6/HDAC1/SEMA3A/ID2/ZMIZ1/LHX1/TUBB2A/MFSD2A/BTBD3/KAT2A/RTN4R/ID4/BMERB1/FUT10/PTPRS/NARS1/CRK/ZSWIM6/PSEN1/KIF26A/MDGA1/DRD2/RTN4RL1/BBS4/UQCRQ/RAN/LRP8/ANXA3/AKIRIN2/ATIC/TRA2B/NDE1/MDK/FEZ1/LARGE1"
"GO:0030490","maturation of SSU-rRNA","35/3634","54/18888",2.89467348518462e-13,1.50740121740989e-10,1.21144624542244e-10,35,"RRS1/UTP4/DCAF13/WDR46/RPS14/NOP14/UTP25/RRP36/UTP20/WDR43/DHX37/TSR1/NAT10/IMP3/NOL10/BMS1/BYSL/NOL7/RPS8/RPS16/IMP4/NOL11/RPS19/RPP40/RPS21/MPHOSPH10/FCF1/RPS28/HEATR1/RIOK3/NOP9/WDR3/GTF2H5/UTP3/RIOK1"
"GO:0140694","non-membrane-bounded organelle assembly","141/3634","413/18888",3.67431981757231e-13,1.76621727230841e-10,1.41944776110425e-10,141,"RRS1/DCAF13/UHRF1/RPF2/RTTN/NOP2/BOP1/HAUS4/RPS14/CENPA/SQLE/WDR1/KPNB1/BCCIP/GSN/RACGAP1/KNTC1/PSPC1/DHX37/NEK7/NUMA1/STARD9/RPS3/CEP44/RCC1/TMOD2/MSN/ASB2/MAPRE2/KIF23/FLNA/UBAP2L/CENPH/PRICKLE1/INCENP/RPLP0/TPX2/NEK2/HNRNPU/CIRBP/INO80/CEP97/RPL5/DLGAP5/AURKA/CENPC/ABRAXAS1/STAG1/ACTG1/RPSA/EIF5B/PLK1/ASPM/SIX4/CNOT6L/RPS27L/FSCN1/PPAN/EIF5/CCNB2/EML3/FXR1/KIFC1/CFLAR/PLK2/NIP7/GRB7/AURKB/FASTKD2/DIAPH3/TIA1/CHMP4A/RPL10/CLASP2/CEP192/CHMP3/KIF3B/ANLN/DRG1/EIF6/RPS19/DDX28/PAN3/MRPL20/SMAD4/DHX29/NOP53/DBNL/KIF11/RPS5/FBXO5/NOA1/CHMP1B/EIF2S1/SMC1A/HSPA1B/PRC1/CDS2/YTHDF1/PAN2/C1QBP/RPS28/LDAF1/DDX3X/E2F4/STIL/CHEK2/PLS1/CNOT7/CLASP1/CAPRIN1/CENPX/RPS23/LIMD1/RRP7A/TNKS/NDC80/KAT2A/SPAG5/MRM2/MYH11/KIF4A/BIRC5/TUBGCP6/CEP152/POC1B/MYL9/CHMP4B/CHMP4C/PLEC/KIAA0753/PUM2/CDCA8/EDN1/NGRN/ITGB1/RNF213/TNNT1/CNTROB/SUGT1/NPM1"
"GO:0042273","ribosomal large subunit biogenesis","42/3634","74/18888",8.83059795423934e-13,3.9416004725744e-10,3.16772803305834e-10,42,"RRS1/EBNA1BP2/NIFK/RPF2/NOP2/BOP1/PAK1IP1/SDAD1/GTF3A/NOP16/DDX18/PES1/MRTO4/GTPBP4/SURF6/RPL10A/RPLP0/RPL5/NOL9/RSL1D1/PPAN/RRP15/NIP7/RPL7A/FASTKD2/FTSJ3/RPL10/EIF6/ZNHIT6/DDX28/HEATR3/MRPL20/NOP53/NOC2L/RPL26/MAK16/ZNF622/MRM2/WDR12/NVL/RPL35A/NPM1"
"GO:0000819","sister chromatid segregation","90/3634","229/18888",1.2243280912681e-12,5.10055082822291e-10,4.0991363673264e-10,90,"RRS1/UHRF1/NCAPD2/KIF2C/CDK1/KPNB1/BCCIP/ACTB/TOP2A/NUDC/KIF22/RACGAP1/SPC24/KNTC1/NUSAP1/UBE2C/NUMA1/PHF10/NUF2/KIF23/FLNA/PRICKLE1/INCENP/TPX2/NEK2/KIF18A/HNRNPU/INO80/ARID2/CEP97/DLGAP5/CENPC/MAD2L1/ABRAXAS1/STAG1/PLK1/BUB1/RMI2/NCAPG/TTK/KNSTRN/BAZ1B/EML3/CDC16/ZW10/SMC4/KIFC1/RAD21/PINX1/KIF18B/AKAP8L/AURKB/CHMP4A/CLASP2/CEP192/CHMP3/KIF3B/DRG1/PSRC1/KIF14/KNL1/KIF11/FBXO5/BUB3/CHMP1B/SMC1A/HSPA1B/SKA2/PRC1/SMARCE1/CHEK2/CLASP1/ANAPC15/TOP2B/NDC80/CHAMP1/TUBG2/NCAPG2/SPAG5/KIF4A/KIF25/BIRC5/NCAPD3/CHMP4B/CHMP4C/CDT1/RAN/CDCA8/MAD2L2/SPC25"
"GO:0021543","pallium development","79/3634","191/18888",1.31503761302798e-12,5.13604377738242e-10,4.12766082352402e-10,79,"POU3F2/ATP2B4/NTRK2/IGF2BP1/SRGAP2C/CDK6/FEZF2/SLC38A2/LMX1A/POU3F3/CCDC85C/SEMA6B/EOMES/NR2E1/GLI3/KIRREL3/FGF8/CDON/FLNA/RTN4/SLIT2/LAMB1/EGFR/ASPM/DIXDC1/PLCB1/DCLK2/LEF1/ROBO1/FXR1/TBR1/NEUROD1/GART/NEFL/BAX/DAB2IP/EMX2/SUN1/KIF14/SUN2/FGF13/ZIC1/LHX5/TMEM108/DMRTA2/ADGRG1/ARX/LHX2/BTG2/ATAT1/RELN/EZH2/UBA6/HDAC1/ZMIZ1/TUBB2A/MFSD2A/BTBD3/ID4/BMERB1/FUT10/PTPRS/NARS1/CRK/PSEN1/KIF26A/MDGA1/BBS4/UQCRQ/RAN/LRP8/ANXA3/AKIRIN2/ATIC/TRA2B/NDE1/MDK/FEZ1/LARGE1"
"GO:0043484","regulation of RNA splicing","77/3634","186/18888",2.39017967218724e-12,8.78601927735179e-10,7.06101994799091e-10,77,"SRSF1/RBM3/RRP1B/SRSF2/RPS26/NCL/WDR77/RBFOX2/FUS/SRSF6/HNRNPH1/ZNF326/SLC38A2/DDX5/NCBP1/SRSF7/PRPF19/AHNAK/RBM8A/ENY2/PRMT5/NOVA2/HNRNPU/CIRBP/ILDR2/PIK3R1/FAM50A/SRSF9/RBM12B/SETX/U2AF2/HNRNPA2B1/SF1/HNRNPK/CELF2/PTBP2/SRSF3/TAF5L/HNRNPF/NSRP1/RBM5/TIA1/HNRNPH2/RBM4/PUF60/ZNF638/RBPMS2/ESRP1/AFF2/TAF9/CELF3/SF3B4/RBPMS/CLK3/RBM15B/SRPK1/C1QBP/RBFOX1/RBM39/RBMXL1/CLK2/KAT2A/DYRK1A/MBNL1/RBM22/METTL16/PTBP3/SRSF4/MBNL2/ATXN7L3/QKI/RBM15/RPS13/TRA2B/METTL4/NPM1/DDX17"
"GO:1902850","microtubule cytoskeleton organization involved in mitosis","70/3634","164/18888",4.22121520786462e-12,1.465465212997e-09,1.17774372846328e-09,70,"UHRF1/CENPA/CDK1/KPNB1/BCCIP/NUDC/RACGAP1/NUSAP1/EML1/NUMA1/RCC1/NUF2/KIF23/FLNA/CENPH/PRICKLE1/INCENP/TPX2/NEK2/HNRNPU/CEP97/DLGAP5/AURKA/CKAP5/MAD2L1/ABRAXAS1/STAG1/PLK1/TTK/UBXN2B/EML3/ZW10/KIFC1/PLK2/AURKB/CHMP4A/SPRY2/CLASP2/CEP192/CHMP3/KIF3B/DRG1/PSRC1/STMN1/SUN2/KIF11/CEP126/CHMP1B/SMC1A/HSPA1B/MAP4/PRC1/DCTN1/STIL/CHEK2/CLASP1/TNKS/NDC80/TUBG2/FGF10/KIF4A/BIRC5/SPRY1/CHMP4B/CHMP4C/RAN/CDCA8/ITGB1/NDE1/SPC25"
"GO:0007052","mitotic spindle organization","59/3634","131/18888",1.39618922841615e-11,4.41686809545209e-09,3.5496841908856e-09,59,"UHRF1/KPNB1/BCCIP/NUDC/RACGAP1/EML1/NUMA1/RCC1/NUF2/KIF23/FLNA/CENPH/PRICKLE1/INCENP/TPX2/NEK2/HNRNPU/CEP97/DLGAP5/AURKA/CKAP5/ABRAXAS1/STAG1/PLK1/TTK/EML3/KIFC1/PLK2/AURKB/CHMP4A/CLASP2/CEP192/CHMP3/KIF3B/DRG1/PSRC1/STMN1/SUN2/KIF11/CEP126/CHMP1B/SMC1A/HSPA1B/MAP4/PRC1/DCTN1/STIL/CHEK2/CLASP1/TNKS/NDC80/TUBG2/KIF4A/BIRC5/CHMP4B/CHMP4C/RAN/CDCA8/SPC25"
"GO:0010639","negative regulation of organelle organization","124/3634","365/18888",1.41362397037993e-11,4.41686809545209e-09,3.5496841908856e-09,124,"PIF1/ADD3/NAV3/MYADM/MAP1B/TIGAR/SLC25A6/GSN/TOP2A/SPC24/KNTC1/S1PR1/F11R/NAT10/ARHGEF2/TMOD2/NUF2/TOM1L1/INCENP/TPX2/LIMA1/PLEKHH2/TRIAP1/BCL2L1/HNRNPU/SLIT2/KANK1/ARHGAP28/CLU/PIK3R1/CEP97/MAD2L1/SSH3/PLK1/WASF2/BUB1/CKAP2/CLIP3/NME6/TTK/GNL3L/BAZ1B/CTNNA2/MAK/MPHOSPH9/MID1/SLC25A5/STMN2/TFRC/RPS6KA2/ZW10/RAD21/PINX1/PHLDB2/AURKB/MPV17L/DIAPH3/SHANK1/FKBP4/CLASP2/FNIP1/STMN1/SLC35F6/TNKS2/KNL1/CAPG/LPAR1/SMAD4/FGF13/ARAP1/WDR44/FBXO5/BUB3/SEC22B/MAP4/MARCHF7/PRELID1/SPTBN2/STN1/XRN1/PRRT2/TTBK2/SMCR8/MET/DLC1/NAA10/SNCA/CCNF/CORO1A/WASHC2C/CLASP1/SPTBN1/YAP1/RTEL1/ANAPC15/TNKS/NDC80/KAT2A/FBXO43/BMERB1/EVI5L/DYRK1A/TSPO/CAPZA1/RAD50/NBN/BIRC5/CARMIL2/ARPIN/SPTAN1/BBS4/TMSB15A/CDCA8/EML2/ACAA2/PINK1/NUBP1/CAPZB/PPIF/MAD2L2/SPC25/FZD9/FEZ1/NPM1"
"GO:0007409","axonogenesis","146/3634","455/18888",2.87709210273946e-11,8.56140407143758e-09,6.88050447226566e-09,146,"POU3F2/PALLD/CNTNAP1/ALCAM/DPYSL5/LRP4/NTRK2/UNC5D/COBL/RGMA/NOTCH1/NEFH/SEMA5B/FEZF2/MAP1B/SEMA3F/PLXND1/LMX1A/WNT7B/NRXN1/SEMA6B/EIF4G2/ACTB/NECTIN1/NGFR/NR2E1/GLI3/PLEKHG4B/BCL2/FGF8/PTPRZ1/ATL1/SLITRK4/PRICKLE1/ETV1/TUBB3/RTN4/NOVA2/BAIAP2/SLIT2/BARHL2/SLITRK3/LRRC4C/PITPNA/ARHGAP35/ACTG1/SEMA4D/CHN1/FEZF1/SEMA4C/NRP2/CTNNA2/SEMA6A/NELL2/EPHA7/SLIT3/VCL/ROBO1/ARHGEF25/TBR1/EPHB2/MAP1A/ROBO3/EPHA3/SEMA6D/CHRNB2/USP9X/KALRN/NEFL/EFNA5/ANK3/LHX9/SEMA4F/PTK7/EFNB2/PLXNB1/OLFM1/NIN/VASP/PAK1/BMPR1B/KIF5A/STMN1/CTTN/SEMA5A/CHL1/GDF7/SMAD4/FGF13/PTPRM/EGR2/EPHB1/SHTN1/EPHA4/CDH4/ARX/LMO4/LHX2/PARD6B/YTHDF1/LAMA2/PAK3/LYPLA2/PLXNA4/S100A6/OTX2/UNC5A/RND2/RELN/SLIT1/SLC25A46/PLEKHG4/SEMA6C/SLITRK6/SEMA3A/LHX1/IST1/TOP2B/RPL24/FLRT3/NRDC/RTN4R/NEXN/PTPRS/STK11/PTPRO/PLXNA1/PSEN1/ARK2C/APLP2/CRABP2/DRD2/KIF13B/MAP6/GLI2/RAB3A/FLRT2/EDN1/ITGB1/FLOT1/UNC5B/FZD3/RAB8A/FEZ1/VAX2/UST"
"GO:0010975","regulation of neuron projection development","147/3634","460/18888",3.44559948901074e-11,9.78706873037642e-09,7.86552878567955e-09,147,"POU3F2/NFATC4/PPP3CA/DPYSL5/TMEM106B/FZD1/LRP4/NTRK2/SFRP2/COBL/ATP1B2/RGMA/DPYSL3/SEMA5B/ENC1/PREX1/FEZF2/MAP1B/SEMA3F/PLXND1/SARM1/IL1RAPL1/TENM3/SEMA6B/EIF4G2/DBN1/GPC2/NR2E1/ITGA3/RAPGEF1/FLNA/RTN4/NOVA2/BAIAP2/SLIT2/KANK1/CHRNA3/LRRC4C/ARHGAP35/TRPV4/EHD1/ZNF365/SEMA4D/SETX/PTPRD/CHN1/FAT3/YWHAH/SEMA4C/CTNNA2/LRIG2/VIM/SEMA6A/EPHA7/STMN2/ARHGAP44/ROBO1/CBFA2T2/CFLAR/TBR1/EPHB2/SRCIN1/ROBO3/EPHA3/SEMA6D/CHRNB2/LZTS1/NEFL/EFNA5/DAB2/FKBP4/SEMA4F/CFL1/PTK7/NR2F1/ROR2/EFNB2/PLXNB1/DAB2IP/CAMK2G/NIN/P3H1/PAK1/FUT9/VLDLR/CNR1/PRAG1/SEMA5A/PTN/LPAR1/FGF13/ARC/PLA2G3/FKBP1B/SHTN1/EPHA4/ARF6/CDH4/RETREG3/SCARB2/TBX6/YTHDF1/NSMF/PAK3/PLXNA4/PRKCI/CUL7/RND2/RELN/EZH2/SLIT1/SEMA6C/SEMA3A/CAPRIN1/ADCY6/IST1/MFSD2A/FBXO38/NRDC/RTN4R/NTRK3/NDNF/PTPRS/DDX56/NLGN1/STK11/CRK/ITM2C/PTPRO/PLXNA1/GRID2/PSEN1/KIF26A/CRABP2/KIF13B/RTN4RL1/ABI2/MAP6/LRP8/SNX3/PUM2/PDLIM5/STK24/MDK/ELAVL4/FEZ1/UST"
"GO:0000280","nuclear division","143/3634","446/18888",4.89707179879666e-11,1.33051311611654e-08,1.06928739368691e-08,143,"RRS1/CALR/DCAF13/UHRF1/NCAPD2/KIF2C/CDK1/KPNB1/BCCIP/TOP2A/NUDC/KIF22/RACGAP1/SPC24/KNTC1/NUSAP1/UBE2C/NUMA1/INSR/RCC1/CYP26B1/FGF8/NUF2/KIF23/PTTG1/FLNA/TOM1L1/PRICKLE1/INCENP/TPX2/PRMT5/KLHDC8B/NEK2/KIF18A/HNRNPU/RANBP1/EGF/UBE2S/TESMIN/INO80/PHIP/CEP97/DLGAP5/AURKA/CENPC/MAD2L1/ABRAXAS1/STAG1/PLK1/ASPM/BUB1/NCAPG/SPHK1/NME6/TTK/UBXN2B/CKS2/KNSTRN/PLCB1/CCNB2/BAZ1B/RAD51C/EML3/PDE3A/CDC16/RPS6KA2/ZW10/SMC4/KIFC1/CDKN1B/RAD21/NFIA/CDC25C/PINX1/KIF18B/AKAP8L/AURKB/CHMP4A/CLASP2/CEP192/CHMP3/KIF3B/ANLN/DRG1/MEIOC/SUN1/PSRC1/KIF14/MSH5/MKI67/KNL1/KIF11/FBXO5/BUB3/CHMP1B/L3MBTL1/CCNB1IP1/SMC1A/HSPA1B/SKA2/PRC1/CENPS/KIF20B/MASTL/CDCA2/USP16/CUL7/CHEK2/FANCD2/DAPK3/CLASP1/CENPX/ANAPC15/TOP2B/NDC80/CHAMP1/C9orf78/RPL24/TUBG2/FBXO43/NCAPG2/SPAG5/RAD50/KIF4A/KIF25/BIRC5/NCAPD3/LRP5/CHMP4B/MLH3/CHMP4C/CDT1/RAN/CDCA8/ACTR3/EDN1/SPIRE1/AGO4/NDE1/MAD2L2/SPC25/CDC25B/WNT4"
"GO:0048285","organelle fission","154/3634","493/18888",7.94063460404361e-11,2.06754273502785e-08,1.66161261824088e-08,154,"RRS1/CALR/DCAF13/UHRF1/NCAPD2/GDAP1/KIF2C/CDK1/KPNB1/BCCIP/TOP2A/NUDC/KIF22/RACGAP1/SPC24/KNTC1/NUSAP1/UBE2C/NUMA1/INSR/RCC1/CYP26B1/FGF8/NUF2/KIF23/PTTG1/FLNA/TOM1L1/PRICKLE1/INCENP/TPX2/PRMT5/KLHDC8B/NEK2/KIF18A/HNRNPU/RANBP1/EGF/UBE2S/TESMIN/INO80/PHIP/CEP97/DLGAP5/AURKA/CENPC/MAD2L1/ABRAXAS1/STAG1/PLK1/ASPM/BUB1/NCAPG/SPHK1/NME6/TTK/UBXN2B/CKS2/KNSTRN/PLCB1/CCNB2/BAZ1B/RAD51C/EML3/PDE3A/CDC16/RPS6KA2/ZW10/SMC4/KIFC1/CDKN1B/MIEF1/RAD21/NFIA/CDC25C/PINX1/KIF18B/AKAP8L/AURKB/CHMP4A/CLASP2/CEP192/CHMP3/KIF3B/ANLN/DRG1/MEIOC/SUN1/PGAM5/PSRC1/KIF14/MSH5/MKI67/KNL1/KIF11/FBXO5/BUB3/CHMP1B/L3MBTL1/CCNB1IP1/SMC1A/HSPA1B/SKA2/PRC1/CENPS/KIF20B/MASTL/CDCA2/USP16/CUL7/CHEK2/MTFR1L/DDHD2/SLC25A46/FANCD2/UCP2/DAPK3/CLASP1/CENPX/ANAPC15/TOP2B/NDC80/CHAMP1/C9orf78/RPL24/TUBG2/FBXO43/NCAPG2/SPAG5/AP3B1/RAD50/KIF4A/KIF25/BIRC5/STAT2/NCAPD3/LRP5/CHMP4B/MLH3/CHMP4C/CDT1/RAN/CDCA8/ACTR3/EDN1/PINK1/SPIRE1/AGO4/NDE1/MAD2L2/SPC25/VPS35/CDC25B/WNT4"
"GO:0007059","chromosome segregation","136/3634","423/18888",1.18083648858872e-10,2.95161888687637e-08,2.37211405770812e-08,136,"RRS1/DCAF13/UHRF1/NCAPD2/KIF2C/HAUS4/HJURP/CDK1/KPNB1/BCCIP/ACTB/TOP2A/NUDC/KIF22/RACGAP1/SPC24/KNTC1/NUSAP1/NEK7/UBE2C/NUMA1/PHF10/STARD9/RPS3/RCC1/MAPRE2/NUF2/KIF23/PTTG1/FLNA/CENPH/PRICKLE1/INCENP/TPX2/KLHDC8B/NEK2/GEM/KIF18A/HNRNPU/INO80/ARID2/CEP97/MMS19/DLGAP5/AURKA/CENPC/MAD2L1/ABRAXAS1/STAG1/PLK1/ASPM/BUB1/RMI2/NCAPG/TTK/KNSTRN/CCNB2/BAZ1B/EML3/SLC25A5/CDC16/ZW10/SMC4/KIFC1/RAD21/PINX1/KIF18B/AKAP8L/AURKB/USP9X/DIAPH3/CHMP4A/CLASP2/CEP192/CHMP3/KIF3B/DRG1/MEIOC/SUN1/FAM83D/PSRC1/KIF14/MSH5/MKI67/KNL1/KIF11/FBXO5/BUB3/CHMP1B/SGO2/CCNB1IP1/SMC1A/HSPA1B/SKA2/PRC1/CENPS/TOP3A/SMARCE1/CDCA2/SRPK1/DDX3X/STIL/CHEK2/FANCD2/CLASP1/CENPX/ANAPC15/RIOK3/TNKS/TOP2B/PUM1/NDC80/CHAMP1/C9orf78/TUBG2/NCAPG2/SPAG5/KIF4A/KIF25/BIRC5/TUBGCP6/NCAPD3/CHMP4B/MLH3/CHMP4C/CDT1/RAN/PUM2/CDCA8/ACTR3/OIP5/AGO4/NDE1/MAD2L2/SPC25/FIRRM"
"GO:0022618","protein-RNA complex assembly","86/3634","234/18888",2.32549493493935e-10,5.58923763401384e-08,4.49187705854074e-08,86,"DHX9/RRS1/HSP90AA1/SRSF1/RPF2/NOP2/EIF3J/WDR77/BOP1/SRSF6/HTATSF1/RPS14/NCBP1/PRPF19/TXNL4A/EIF3L/RPLP0/DDX42/PRMT5/DDX1/EIF2D/RPL5/SRSF9/RPSA/SETX/U2AF2/RPS27L/RPL13A/PPAN/EIF5/SF1/EIF3B/CELF2/GEMIN8/PTBP2/CD2BP2/FASTKD2/RBM5/LUC7L3/SRSF5/RPL10/EIF6/RPS19/ZNHIT6/DDX28/PUF60/SNRPD3/EIF3C/SF3A1/RUVBL1/MRPL20/DHX29/NOP53/EIF3M/RPS5/DICER1/EIF3E/EIF3A/STRAP/SNRPD1/DDX23/TAF9/CELF3/SF3B4/SF3B2/SRPK1/RPS28/GEMIN5/NUDT21/PIH1D2/AGO3/RRP7A/SNRPF/MRM2/DDX46/PRMT7/DENR/SNRPB2/SHQ1/LSM2/SF3A3/PIH1D1/AGO4/EIF3F/EIF2S3/MCTS1"
"GO:0098813","nuclear chromosome segregation","107/3634","317/18888",5.34449933403815e-10,1.23695467920016e-07,9.94097712385809e-08,107,"RRS1/DCAF13/UHRF1/NCAPD2/KIF2C/CDK1/KPNB1/BCCIP/ACTB/TOP2A/NUDC/KIF22/RACGAP1/SPC24/KNTC1/NUSAP1/UBE2C/NUMA1/PHF10/NUF2/KIF23/PTTG1/FLNA/PRICKLE1/INCENP/TPX2/KLHDC8B/NEK2/GEM/KIF18A/HNRNPU/INO80/ARID2/CEP97/DLGAP5/AURKA/CENPC/MAD2L1/ABRAXAS1/STAG1/PLK1/ASPM/BUB1/RMI2/NCAPG/TTK/KNSTRN/CCNB2/BAZ1B/EML3/CDC16/ZW10/SMC4/KIFC1/RAD21/PINX1/KIF18B/AKAP8L/AURKB/CHMP4A/CLASP2/CEP192/CHMP3/KIF3B/DRG1/MEIOC/SUN1/FAM83D/PSRC1/KIF14/MSH5/KNL1/KIF11/FBXO5/BUB3/CHMP1B/CCNB1IP1/SMC1A/HSPA1B/SKA2/PRC1/SMARCE1/CHEK2/FANCD2/CLASP1/ANAPC15/TOP2B/NDC80/CHAMP1/C9orf78/TUBG2/NCAPG2/SPAG5/KIF4A/KIF25/BIRC5/NCAPD3/CHMP4B/MLH3/CHMP4C/CDT1/RAN/CDCA8/ACTR3/AGO4/MAD2L2/SPC25"
"GO:0000462","maturation of SSU-rRNA from tricistronic rRNA transcript (SSU-rRNA, 5.8S rRNA, LSU-rRNA)","24/3634","36/18888",6.85163026019425e-10,1.52913705342692e-07,1.22891458539048e-07,24,"RRS1/UTP4/DCAF13/WDR46/NOP14/UTP25/RRP36/UTP20/WDR43/DHX37/TSR1/NOL10/BMS1/BYSL/RPS8/RPS16/RPS19/RPP40/RPS21/FCF1/HEATR1/NOP9/GTF2H5/UTP3"
"GO:0071826","protein-RNA complex organization","87/3634","244/18888",1.06329261127791e-09,2.2912122509916e-07,1.84136807564679e-07,87,"DHX9/RRS1/HSP90AA1/SRSF1/RPF2/NOP2/EIF3J/WDR77/BOP1/SRSF6/HTATSF1/RPS14/NCBP1/PRPF19/TXNL4A/DYRK3/EIF3L/RPLP0/DDX42/PRMT5/DDX1/EIF2D/RPL5/SRSF9/RPSA/SETX/U2AF2/RPS27L/RPL13A/PPAN/EIF5/SF1/EIF3B/CELF2/GEMIN8/PTBP2/CD2BP2/FASTKD2/RBM5/LUC7L3/SRSF5/RPL10/EIF6/RPS19/ZNHIT6/DDX28/PUF60/SNRPD3/EIF3C/SF3A1/RUVBL1/MRPL20/DHX29/NOP53/EIF3M/RPS5/DICER1/EIF3E/EIF3A/STRAP/SNRPD1/DDX23/TAF9/CELF3/SF3B4/SF3B2/SRPK1/RPS28/GEMIN5/NUDT21/PIH1D2/AGO3/RRP7A/SNRPF/MRM2/DDX46/PRMT7/DENR/SNRPB2/SHQ1/LSM2/SF3A3/PIH1D1/AGO4/EIF3F/EIF2S3/MCTS1"
"GO:0007051","spindle organization","74/3634","197/18888",1.33937227919551e-09,2.78991245756425e-07,2.24215619089186e-07,74,"DCAF13/UHRF1/HAUS4/KPNB1/BCCIP/NUDC/RACGAP1/NEK7/EML1/NUMA1/STARD9/RPS3/RCC1/MAPRE2/NUF2/KIF23/FLNA/CENPH/PRICKLE1/INCENP/TPX2/NEK2/HNRNPU/INO80/CEP97/DLGAP5/AURKA/CKAP5/ABRAXAS1/STAG1/PLK1/ASPM/TTK/KNSTRN/CCNB2/EML3/KIFC1/PLK2/AURKB/CHMP4A/CLASP2/CEP192/CHMP3/KIF3B/DRG1/PSRC1/STMN1/SUN2/KIF11/FBXO5/CEP126/CHMP1B/KIZ/SMC1A/HSPA1B/MAP4/PRC1/DCTN1/STIL/CHEK2/CLASP1/TNKS/NDC80/TUBG2/SPAG5/KIF4A/BIRC5/TUBGCP6/CHMP4B/CHMP4C/RAN/CDCA8/SPC25/SUGT1"
